{
    "listLogin": {
        "u1c6016f84863ffbb4605ef164f4e5731": "med",
        "u46882ff8019fd3a64e6bc91505875809": "skaid",
        "u5cbe923adc8b89e09e37174b073dcde0": "ms",
        "u7efc80ac3cdd69b32ef231841a35c69f": "ra",
        "ua360f593cf3e0cb296ee9bc14d9c74d2": "test",
        "uab23c1232c8954f1d4af7b049b4de9ff": "Bre",
        "ub9cef9b6c451cf7fc51348042e4aafea": "bee",
        "uba001d05727cf256fa46202cd2d6abb0": "mysoze",
        "uc1eac27801d22fd1a55d2362d9bab481": "ed",
        "uc846aafd174e7538e7049894fb79c24f": "zggg",
        "uecbb2e2548071253f2f072bd4b146b1e": "eafh",
        "uf01d90b599d024d0bb8e19e84ede5694": "alf",
        "uf2723dbcdcf7c7add0a9964eaefe3a8d": "lck"
    },
    "myService": {
        "u1c6016f84863ffbb4605ef164f4e5731": "med",
        "u46882ff8019fd3a64e6bc91505875809": "skaid",
        "u489c4a3a56885d811a926ef6d2ecaabb": "ran",
        "u5cbe923adc8b89e09e37174b073dcde0": "ms",
        "u7efc80ac3cdd69b32ef231841a35c69f": "ra",
        "ua360f593cf3e0cb296ee9bc14d9c74d2": "test",
        "uab23c1232c8954f1d4af7b049b4de9ff": "Bre",
        "ub9cef9b6c451cf7fc51348042e4aafea": "bee",
        "uba001d05727cf256fa46202cd2d6abb0": "mysoze",
        "uc1eac27801d22fd1a55d2362d9bab481": "ed",
        "uc846aafd174e7538e7049894fb79c24f": "zggg",
        "uecbb2e2548071253f2f072bd4b146b1e": "eafh",
        "uf01d90b599d024d0bb8e19e84ede5694": "alf",
        "uf2723dbcdcf7c7add0a9964eaefe3a8d": "lck",
        "♚ ": "loca @- 𝐋𝐎𝐂𝐀 🇪🇸 "
    }
}